iter	Logloss
0	0.693055062
1	0.6929670578
2	0.6928850097
3	0.6928014029
4	0.692714178
5	0.6926504432
6	0.6925567613
7	0.6924601293
8	0.6923771905
9	0.692300987
10	0.6922339123
11	0.6921796403
12	0.6921022122
13	0.6920260644
14	0.6919604926
15	0.6918778878
16	0.6918012947
17	0.6917427366
18	0.6916737693
19	0.6916202766
