{
  "buggy": {
    "sharpe": 2.5564088107221257,
    "return": 17.455999643044052,
    "max_dd": 0.0362684745683584,
    "trades": 10
  },
  "correct": {
    "sharpe": -0.2725365875490166,
    "return": -2.6961149540854934,
    "max_dd": 0.09665765402292376,
    "trades": 10
  },
  "degradation": {
    "sharpe": 2.8289453982711423,
    "return": 20.152114597129547
  }
}