{
  "model": "CatBoost",
  "target": "1h-ahead",
  "training_samples": 35060,
  "timestamp": "2026-02-16T03:43:02.607227",
  "metrics": {
    "train_accuracy": 0.5876782658300057,
    "train_roc_auc": 0.6249807946881807,
    "train_precision": 0.5847758959483484,
    "train_recall": 0.6913163716814159,
    "train_f1": 0.6335986211790946,
    "validation_accuracy": 0.5446397990638201,
    "validation_roc_auc": 0.5565881751511227,
    "validation_precision": 0.5404920808845503,
    "validation_recall": 0.617292377701934,
    "validation_f1": 0.5763449997344522,
    "test_accuracy": 0.5407009932640713,
    "test_roc_auc": 0.5611795349446667,
    "test_precision": 0.5480789641265125,
    "test_recall": 0.5768543342269884,
    "test_f1": 0.5620986176118429
  },
  "feature_importances": {
    "rsi_6h": 18.238136269059364,
    "price_acceleration_10h": 5.821651392647881,
    "macd_histogram": 5.818638238717412,
    "volume_ma_ratio_20h": 5.809438059969529,
    "momentum_4h": 5.65074658779622,
    "hour_of_day": 4.747194382821211,
    "volume_momentum_30h": 4.678406014371163,
    "rsi_14h": 4.156279273079789,
    "momentum_168h": 4.063220050600321,
    "atr_14h": 3.7893866794350384
  },
  "xgboost_baseline": {
    "val_accuracy": 0.5416,
    "val_roc_auc": 0.5549,
    "test_accuracy": 0.5357,
    "test_roc_auc": 0.5521
  }
}