{
  "seeds": [
    42,
    123,
    456,
    789,
    1337
  ],
  "results": [
    {
      "seed": 42,
      "val_acc": 0.5432697796552118,
      "val_auc": 0.5535050128312212,
      "test_acc": 0.5408151615481219,
      "test_auc": 0.557734304857181,
      "feature_importances": {
        "rsi_6h": 0.06736572831869125,
        "higher_highs_lower_lows_5h": 0.057194605469703674,
        "ema_ratio_20h": 0.05216043069958687,
        "momentum_4h": 0.04758216440677643,
        "rsi_14h": 0.04440339654684067,
        "macd_histogram": 0.044399965554475784,
        "bb_position_20h": 0.044380564242601395,
        "momentum_168h": 0.04239285737276077,
        "momentum_24h": 0.04221205785870552,
        "volume_ma_ratio_20h": 0.04209212586283684,
        "price_acceleration_10h": 0.04139697551727295,
        "vwap_deviation_24h": 0.04129984602332115,
        "macd_line": 0.040729645639657974,
        "day_of_week": 0.0407104454934597,
        "atr_14h": 0.04039262607693672,
        "bb_bandwidth_20h": 0.04002783074975014,
        "distance_from_sma_200h": 0.03977052867412567,
        "intraday_range": 0.03975267335772514,
        "volume_momentum_30h": 0.03971730172634125,
        "hour_of_day": 0.038641899824142456,
        "vol_clustering_24h": 0.03832376003265381,
        "realized_vol_24h": 0.03803137317299843,
        "momentum_quality_30h": 0.037021201103925705
      },
      "top5_features": {
        "rsi_6h": 0.06736572831869125,
        "higher_highs_lower_lows_5h": 0.057194605469703674,
        "ema_ratio_20h": 0.05216043069958687,
        "momentum_4h": 0.04758216440677643,
        "rsi_14h": 0.04440339654684067
      }
    },
    {
      "seed": 123,
      "val_acc": 0.541157666400274,
      "val_auc": 0.5551753526369958,
      "test_acc": 0.5457243977623016,
      "test_auc": 0.5584297408316897,
      "feature_importances": {
        "rsi_6h": 0.06834505498409271,
        "higher_highs_lower_lows_5h": 0.059685323387384415,
        "ema_ratio_20h": 0.055437926203012466,
        "momentum_4h": 0.0494367741048336,
        "macd_histogram": 0.043611153960227966,
        "bb_position_20h": 0.04270229861140251,
        "rsi_14h": 0.042517710477113724,
        "volume_ma_ratio_20h": 0.0418812558054924,
        "volume_momentum_30h": 0.041819795966148376,
        "momentum_168h": 0.04172268509864807,
        "price_acceleration_10h": 0.04166366532444954,
        "atr_14h": 0.04147518053650856,
        "momentum_24h": 0.04145655408501625,
        "hour_of_day": 0.04120219126343727,
        "macd_line": 0.04090983048081398,
        "realized_vol_24h": 0.03982672095298767,
        "momentum_quality_30h": 0.03955221176147461,
        "vwap_deviation_24h": 0.039541490375995636,
        "intraday_range": 0.03880690038204193,
        "distance_from_sma_200h": 0.03855738788843155,
        "bb_bandwidth_20h": 0.03823266923427582,
        "vol_clustering_24h": 0.03694978356361389,
        "day_of_week": 0.034665513783693314
      },
      "top5_features": {
        "rsi_6h": 0.06834505498409271,
        "higher_highs_lower_lows_5h": 0.059685323387384415,
        "ema_ratio_20h": 0.055437926203012466,
        "momentum_4h": 0.0494367741048336,
        "macd_histogram": 0.043611153960227966
      }
    },
    {
      "seed": 456,
      "val_acc": 0.54132891882635,
      "val_auc": 0.5566333333854716,
      "test_acc": 0.5421851809567302,
      "test_auc": 0.5545529147906274,
      "feature_importances": {
        "rsi_6h": 0.07021889090538025,
        "higher_highs_lower_lows_5h": 0.060427017509937286,
        "ema_ratio_20h": 0.05640769749879837,
        "macd_histogram": 0.04368909075856209,
        "distance_from_sma_200h": 0.043604109436273575,
        "rsi_14h": 0.043582625687122345,
        "bb_position_20h": 0.04335169866681099,
        "momentum_4h": 0.042883556336164474,
        "vwap_deviation_24h": 0.042248811572790146,
        "price_acceleration_10h": 0.04198369011282921,
        "momentum_24h": 0.04099660366773605,
        "macd_line": 0.04082401096820831,
        "volume_ma_ratio_20h": 0.04064882546663284,
        "bb_bandwidth_20h": 0.04051520302891731,
        "momentum_168h": 0.0401940643787384,
        "atr_14h": 0.04009070247411728,
        "realized_vol_24h": 0.040058817714452744,
        "volume_momentum_30h": 0.03920409083366394,
        "hour_of_day": 0.03880394250154495,
        "intraday_range": 0.038146208971738815,
        "day_of_week": 0.03768583759665489,
        "momentum_quality_30h": 0.037454478442668915,
        "vol_clustering_24h": 0.03697986155748367
      },
      "top5_features": {
        "rsi_6h": 0.07021889090538025,
        "higher_highs_lower_lows_5h": 0.060427017509937286,
        "ema_ratio_20h": 0.05640769749879837,
        "macd_histogram": 0.04368909075856209,
        "distance_from_sma_200h": 0.043604109436273575
      }
    },
    {
      "seed": 789,
      "val_acc": 0.5383605434410321,
      "val_auc": 0.552274960922388,
      "test_acc": 0.5380751227309054,
      "test_auc": 0.554809269433346,
      "feature_importances": {
        "rsi_6h": 0.07350844144821167,
        "ema_ratio_20h": 0.053615495562553406,
        "higher_highs_lower_lows_5h": 0.0533626452088356,
        "momentum_4h": 0.04763176292181015,
        "macd_histogram": 0.04684852436184883,
        "rsi_14h": 0.04367564991116524,
        "bb_position_20h": 0.042717769742012024,
        "price_acceleration_10h": 0.0426267646253109,
        "momentum_24h": 0.042457789182662964,
        "bb_bandwidth_20h": 0.04160729795694351,
        "distance_from_sma_200h": 0.041543297469615936,
        "volume_ma_ratio_20h": 0.041491344571113586,
        "vwap_deviation_24h": 0.04121547192335129,
        "hour_of_day": 0.041007231920957565,
        "momentum_168h": 0.04076862707734108,
        "volume_momentum_30h": 0.040255848318338394,
        "atr_14h": 0.040066834539175034,
        "realized_vol_24h": 0.03980344161391258,
        "macd_line": 0.03934935852885246,
        "intraday_range": 0.03869440034031868,
        "momentum_quality_30h": 0.038174107670784,
        "day_of_week": 0.03566192090511322,
        "vol_clustering_24h": 0.03391603007912636
      },
      "top5_features": {
        "rsi_6h": 0.07350844144821167,
        "ema_ratio_20h": 0.053615495562553406,
        "higher_highs_lower_lows_5h": 0.0533626452088356,
        "momentum_4h": 0.04763176292181015,
        "macd_histogram": 0.04684852436184883
      }
    },
    {
      "seed": 1337,
      "val_acc": 0.5392738897134376,
      "val_auc": 0.5527888940853336,
      "test_acc": 0.5413860029683754,
      "test_auc": 0.5573408399940158,
      "feature_importances": {
        "rsi_6h": 0.0740840956568718,
        "ema_ratio_20h": 0.05299537256360054,
        "higher_highs_lower_lows_5h": 0.051342956721782684,
        "momentum_4h": 0.046181268990039825,
        "macd_histogram": 0.0459209643304348,
        "vwap_deviation_24h": 0.04410384222865105,
        "volume_momentum_30h": 0.043122489005327225,
        "distance_from_sma_200h": 0.042802952229976654,
        "momentum_24h": 0.04215696454048157,
        "price_acceleration_10h": 0.04192035272717476,
        "macd_line": 0.041678424924612045,
        "momentum_168h": 0.04149554669857025,
        "hour_of_day": 0.041412968188524246,
        "atr_14h": 0.04130379110574722,
        "volume_ma_ratio_20h": 0.04096025973558426,
        "bb_position_20h": 0.04079413414001465,
        "rsi_14h": 0.04061785340309143,
        "bb_bandwidth_20h": 0.039812736213207245,
        "realized_vol_24h": 0.03979591280221939,
        "intraday_range": 0.0386253222823143,
        "vol_clustering_24h": 0.03783551603555679,
        "day_of_week": 0.03654548525810242,
        "momentum_quality_30h": 0.034490808844566345
      },
      "top5_features": {
        "rsi_6h": 0.0740840956568718,
        "ema_ratio_20h": 0.05299537256360054,
        "higher_highs_lower_lows_5h": 0.051342956721782684,
        "momentum_4h": 0.046181268990039825,