{
  "elapsed_seconds": 254.48017930984497,
  "p1_best": [
    [
      "mom_OR_lb40_t0_adx21t20_v20",
      "1.439",
      "1.166",
      "-0.676"
    ],
    [
      "mom_OR_lb40_t0_adx14t25_v20",
      "1.401",
      "1.22",
      "-0.74"
    ],
    [
      "mom_OR_lb40_t0_adx21t25_v20",
      "1.39",
      "0.854",
      "-0.094"
    ]
  ],
  "p2_best": [
    [
      "breakout_xgb_fwd20",
      "0.3456",
      "0.6912",
      "0.0"
    ],
    [
      "breakout_lgbm_fwd20",
      "0.3456",
      "0.6912",
      "0.0"
    ],
    [
      "breakout_xgb_fwd5",
      "0.18419999999999997",
      "0.8327766567333644",
      "-0.807"
    ]
  ],
  "p3_best": [
    [
      "adx14t30_AND_vol30_AND_adx14t25",
      "0.939",
      "0.4",
      "0.301",
      "2.347"
    ],
    [
      "adx14t30_AND_vol20_AND_adx14t25",
      "1.032",
      "0.465",
      "0.583",
      "2.219"
    ],
    [
      "triple_gate_plus_mom40",
      "0.915",
      "0.613",
      "0.0",
      "1.493"
    ]
  ],
  "p4_robust_count": 11,
  "p4_total": 14
}