{
  "baseline_sharpe": 1.062,
  "n_configs_tested": 18,
  "best_sharpe": 42.00563313834988,
  "top_10": [
    {
      "rank": 1,
      "family": "catboost",
      "n_features": 20,
      "val_sharpe": 42.00563313834988,
      "val_acc": 0.6017052375152253,
      "beats_baseline": 